phase,t_s,kias,mach,hoehe_ft,g,rate_dps,heading
lauf1,159,266,0.47,9968,,,180
lauf1,160,269,0.47,9965,,,180
lauf1,161,285,0.5,9963,,,180
lauf1,162,302,0.53,9964,,,180
lauf1,163,319,0.56,9969,,,180
lauf1,164,336,0.59,9977,,,180
lauf1,165,353,0.62,9987,,,180
lauf1,166,370,0.65,9992,,,180
lauf1,167,386,0.68,9995,,,180
lauf1,168,402,0.71,9998,,,180
lauf1,169,419,0.74,10002,,,180
lauf1,170,435,0.77,10007,,,180
lauf1,171,450,0.8,10012,,,180
lauf1,172,466,0.82,10019,,,180
lauf1,173,481,0.85,10027,,,180
lauf1,174,496,0.88,10033,,,180
lauf1,175,510,0.9,10039,,,180
lauf1,176,523,0.92,10043,,,180
lauf1,177,536,0.95,10048,,,180
lauf1,178,547,0.97,10053,,,180
lauf1,179,558,0.99,10057,,,180
lauf2,201,272,0.48,10072,,,180
lauf2,202,283,0.5,10070,,,180
lauf2,203,300,0.53,10071,,,180
lauf2,204,318,0.56,10075,,,180
lauf2,205,335,0.59,10082,,,180
lauf2,206,352,0.62,10087,,,180
lauf2,207,369,0.65,10092,,,180
lauf2,208,386,0.68,10099,,,180
lauf2,209,403,0.71,10107,,,180
lauf2,210,419,0.74,10115,,,180
lauf2,211,435,0.77,10124,,,180
lauf2,212,451,0.8,10132,,,180
lauf2,213,467,0.83,10138,,,180
lauf2,214,482,0.85,10142,,,180
lauf2,215,497,0.88,10146,,,180
lauf2,216,511,0.91,10151,,,180
lauf2,217,525,0.93,10156,,,180
lauf2,218,537,0.95,10162,,,180
lauf2,219,549,0.97,10167,,,180
lauf2,220,560,0.99,10173,,,180
kurve,230,444,0.79,10198,7.2,15.9,
kurve,232,435,0.77,10107,6.9,16.2,
kurve,234,442,0.78,9949,6.7,15.0,
kurve,236,446,0.79,9807,6.6,14.6,
kurve,238,447,0.79,9729,7.4,16.4,
kurve,240,449,0.79,9706,6.4,14.3,
kurve,242,450,0.79,9691,7.5,16.5,
kurve,244,449,0.79,9669,6.9,15.1,
kurve,246,447,0.78,9633,7.1,16.0,
kurve,248,451,0.79,9584,6.9,15.2,
kurve,250,453,0.79,9519,7.4,16.2,
kurve,252,452,0.79,9456,7.3,16.0,
kurve,254,452,0.79,9403,7.2,15.8,
