bild,hoehe_ft,fuel_pct,jet,gewicht_lbs,instant_dps,corner_kias,sustained_dps,sustained_kias,min_radius_ft
00000ft_000,0,0,T-15,33069,31,310,22,434,974
00000ft_000,0,0,T-16,22046,27,365,24,406,1304
00000ft_000,0,0,T-18,31967,28,337,23,420,1155
00000ft_050,0,50,T-15,37615,29,337,20,475,1138
00000ft_050,0,50,T-16,24417,26,378,22,447,1428
00000ft_050,0,50,T-18,36597,27,365,20,447,1313
00000ft_100,0,100,T-15,42160,27,351,18,516,1255
00000ft_100,0,100,T-16,26787,24,406,20,475,1621
00000ft_100,0,100,T-18,41226,25,378,18,447,1465
10000ft_000,10000,0,T-15,33069,26,336,19,458,1433
10000ft_000,10000,0,T-16,22046,22,385,20,446,1894
10000ft_000,10000,0,T-18,31967,24,360,19,458,1667
10000ft_050,10000,50,T-15,37615,24,360,17,495,1644
10000ft_050,10000,50,T-16,24417,21,409,18,470,2099
10000ft_050,10000,50,T-18,36597,22,385,16,470,1899
10000ft_100,10000,100,T-15,42160,23,385,15,495,1851
10000ft_100,10000,100,T-16,26787,20,421,16,470,2275
10000ft_100,10000,100,T-18,41226,21,409,15,470,2123
20190ft_000,20190,0,T-15,33069,21,359,15,412,2107
20190ft_000,20190,0,T-16,22046,18,412,15,423,2807
20190ft_000,20190,0,T-18,31967,19,380,15,423,2427
20190ft_049,20190,49,T-15,37524,20,380,13,412,2387
20190ft_049,20190,49,T-16,24369,18,434,14,423,3073
20190ft_049,20190,49,T-18,36504,18,412,13,423,2816
20190ft_100,20190,100,T-15,42160,19,402,12,412,2681
20190ft_100,20190,100,T-16,26787,17,445,12,423,3261
20190ft_100,20190,100,T-18,41226,17,434,11,423,3131
