phase,t_s,kias,mach,hoehe_ft,g,rate_dps,alpha
ausrollen,23,549,,10016,,,
ausrollen,24,543,,10017,,,
ausrollen,25,538,,10019,,,
ausrollen,26,532,,10020,,,
ausrollen,27,526,,10021,,,
ausrollen,28,520,,10022,,,
ausrollen,29,513,,10022,,,
ausrollen,30,507,,10023,,,
ausrollen,31,502,,10023,,,
ausrollen,32,496,,10023,,,
ausrollen,33,491,,10023,,,
ausrollen,34,485,,10022,,,
ausrollen,35,480,,10022,,,
ausrollen,36,475,,10021,,,
ausrollen,37,470,,10021,,,
ausrollen,38,465,,10020,,,
ausrollen,39,461,,10020,,,
ausrollen,40,456,,10021,,,
ausrollen,41,451,,10022,,,
ausrollen,42,447,,10023,,,
ausrollen,43,442,,10024,,,
ausrollen,44,438,,10024,,,
ausrollen,45,434,,10025,,,
ausrollen,46,429,,10026,,,
ausrollen,47,425,,10027,,,
ausrollen,48,421,,10029,,,
ausrollen,49,417,,10030,,,
ausrollen,50,413,,10031,,,
ausrollen,51,409,,10031,,,
ausrollen,52,405,,10031,,,
ausrollen,53,402,,10030,,,
ausrollen,54,398,,10029,,,
ausrollen,55,395,,10027,,,
ausrollen,56,391,,10025,,,
ausrollen,57,388,,10024,,,
ausrollen,58,384,,10022,,,
ausrollen,59,381,,10020,,,
ausrollen,60,377,,10018,,,
ausrollen,61,374,,10017,,,
ausrollen,62,371,,10016,,,
ausrollen,63,368,,10015,,,
ausrollen,64,364,,10015,,,
ausrollen,65,361,,10016,,,
ausrollen,66,358,,10016,,,
ausrollen,67,355,,10016,,,
ausrollen,68,352,,10017,,,
ausrollen,69,349,,10017,,,
ausrollen,70,346,,10017,,,
zug,80.5,441,0.78,10071,6.4,14.5,11
zug,81.0,442,0.78,10045,7.1,15.5,13
zug,81.5,443,0.78,10026,7.6,16.7,16
zug,82.0,441,0.78,10014,8.0,17.8,18
zug,82.5,436,0.77,10008,8.2,18.7,20
zug,83.0,428,0.76,10003,8.4,19.5,23
zug,83.5,421,0.74,9996,8.0,19.1,23
zug,84.0,413,0.73,9985,7.7,18.8,23
zug,84.5,406,0.72,9970,7.4,18.5,23
zug,85.0,399,0.71,9952,7.3,18.3,23
zug,85.5,393,0.69,9930,7.2,,23
zug,86.0,387,0.68,9906,6.8,17.8,23
zug,86.5,382,0.67,9879,6.7,17.5,23
zug,87.0,377,0.66,9852,6.6,,23
zug,87.5,372,0.66,9822,6.3,17.1,23
zug,88.0,367,0.65,9793,6.2,16.9,
zug,88.5,363,0.64,9762,6.1,16.7,
zug,89.0,359,0.63,9730,5.8,16.5,
zug,89.5,355,0.62,9698,5.8,16.4,
zug,90.0,351,0.62,9664,5.7,16.3,
zug,90.5,347,0.61,9631,5.6,16.3,
zug,91.0,343,0.6,9595,5.3,15.9,
zug,91.5,340,0.6,9559,5.4,15.7,
zug,92.0,337,0.59,9522,5.2,15.6,
zug,92.5,334,0.59,9489,5.1,15.4,
zug,93.0,331,0.58,9456,5.1,15.2,
zug,93.5,329,0.58,9427,5.0,15.1,
zug,94.0,326,0.57,9401,4.9,15.0,
zug,94.5,324,0.57,9379,4.9,14.9,
